Wall Serial Number,Test Serial Number,Specimen Name,Year_Appr,Section Type,t_w(mm),l_w(mm),A(mm?),h_w(mm),End Region,End stirrup,l_end(mm),l_web(mm),c(mm),fcu(MPa),fc∩(MPa),fct(Mpa),ft(Mpa),Web_V_Layers,Web_V1_Type,Web_V1_d(mm),Web_V1_Number,Web_V1_fy(Mpa),Web_V1_fu(Mpa),Web_V1_汍su,Web_V2_Type,Web_V2_d(mm),Web_V2_Number,Web_V2_fy(Mpa),Web_V2_fu(Mpa),Web_V2_汍su,Web_V_s(mm),Web_V_老,Web_H_Layers,Web_H1_Type,Web_H1_d(mm),Web_H1_fy(Mpa),Web_H1_fu(Mpa),Web_H1_汍su,Web_H2_Type,Web_H2_d(mm),Web_H2_fy(Mpa),Web_H2_fu(Mpa),Web_H2_汍su,Web_H_s(mm),Web_H_老,Web_H_老_other,Web_H_老_all,End_V_Layers,End_V1_Type,End_V1_d(mm),End_V1_Number,End_V1_fy(MPa),End_V1_fu(Mpa),End_V1_汍su,End_V2_Type,End_V2_d(mm),End_V2_Number,End_V2_fy(Mpa),End_V2_fu(Mpa),End_V2_汍su,End_V_老,Confine_Type,Conf_C_Type,Conf_C_Lx(mm),Conf_C_Asx(mm?),Conf_C_Ly(mm),Conf_C_Asy(mm?),Conf_C_s(mm),Conf_C_Acor(mm?),Conf_C_fy(Mpa),Conf_C_fu(Mpa),Conf_C_汍su,Conf_C_老v,Conf_C_老v_other,Conf_C_老v_all,Splice_Type,Splice_Base_Height,Splice_Length,h_load,Failure Mode,Specific_Failure,h_displacement,竹_Shear Span Ratio,P_Axial LoadㄗkNㄘ,n_(fc∩)Axial Load Ratio
SDB_R0004,SDBT_0001,PW4,2011,R,152mm,3048mm,464515mm?,3658mm,Yes,Yes,508mm,2032mm,13mm,36.82MPa,29.45MPa,2.86MPa,,2,Deformed,6mm,26,521.93MPa,583.30MPa,0,,,,,,,152mm,0.00266,2,Deformed,6mm,521.93MPa,583.30MPa,0,,,,,,152.4000mm,0.00273,,0.00273,3,Deformed,13mm,21,462.64MPa,754.98MPa,0,,,,,,,0.03436,,,483mm,63mm?,127mm,222mm?,51mm,57460mm?,521.93MPa,583.30MPa,0,0.020117,,0.02012,Lap Splice,0.00mm,609.60mm,1219.20;2438.40,F-S,,3660mm,2.081,1601kN,0.1170
SDB_R0001,SDBT_0001,PW1,2011,R,152mm,3048mm,464515mm?,3658mm,Yes,Yes,533mm,1981mm,25mm,45.08MPa,36.07MPa,3.27MPa,3.38MPa,2,Deformed,6mm,26,521.93MPa,583.30MPa,0,,,,,,,152mm,0.00273,2,Deformed,6mm,521.93MPa,583.30MPa,0,,,,,,152.4000mm,0.00273,,0.00273,3,Deformed,13mm,21,579.16MPa,694.99MPa,0,,,,,,,0.03272,3,Deformed,483mm,63mm?,127mm,222mm?,51mm,57460mm?,521.93MPa,583.30MPa,0,0.020117,,0.02012,Lap Splice,0.00mm,609.60mm,1219.20;2438.40,F-S,,3660mm,2.842,1597kN,0.0953
SDB_R0002,SDBT_0001,PW2,2011,R,152mm,3048mm,464515mm?,3658mm,Yes,Yes,508mm,2032mm,13mm,50.36MPa,40.29MPa,3.53MPa,,2,Deformed,6mm,26,521.93MPa,583.30MPa,0,,,,,,,152mm,0.00266,2,Deformed,6mm,521.93MPa,583.30MPa,0,,,,,,152.4000mm,0.00273,,0.00273,3,Deformed,13mm,21,579.16MPa,694.99MPa,0,,,,,,,0.03436,,Deformed,483mm,63mm?,127mm,222mm?,51mm,57460mm?,521.93MPa,583.30MPa,0,0.020117,,0.02012,Lap Splice,0.00mm,609.60mm,1219.20;2438.40,F-S,,3660mm,2.161,2429kN,0.1298
SDB_R0003,SDBT_0001,PW3,2011,R,152mm,3048mm,464515mm?,3658mm,Yes,Yes,591mm,1867mm,13mm,42.92MPa,34.34MPa,3.17MPa,,2,Deformed,13mm,34,353.70MPa,490.91MPa,0,,,,,,,108mm,0.01514,2,Deformed,6mm,521.93MPa,583.30MPa,0,,,,,,152.4000mm,0.00273,,0.00273,3,Deformed,13mm,14,353.70MPa,537.10MPa,0,,,,,,,0.01970,,Deformed,565mm,63mm?,127mm,190mm?,44mm,67419mm?,521.93MPa,583.30MPa,0,0.019997,,0.02000,Lap Splice,0.00mm,609.60mm,1219.20;2438.40,F-S,,3660mm,2.041,1601kN,0.1004
SDB_R0005,SDBT_0002,W1-SR,2017,R,150mm,1000mm,150000mm?,2200mm,Yes,Yes,200mm,600mm,40mm,38.13MPa,30.50MPa,2.93MPa,,2,Deformed,11mm,6,425.00MPa,615.00MPa,0,,,,,,,150mm,0.00669,2,Deformed,11mm,425.00MPa,615.00MPa,0,,,,,,150.0000mm,0.00891,,0.00790,2,Deformed,11mm,4,425.00MPa,615.00MPa,0,,,,,,,0.01337,,Deformed,154mm,201mm?,104mm,201mm?,75mm,13205mm?,,,,0.052210,,0.05221,No,,,2400,F,,2400mm,2.400,0kN,0.0000
SDB_R0006,SDBT_0002,W2-NR,2017,R,150mm,1000mm,150000mm?,2200mm,Yes,Yes,200mm,600mm,40mm,39.50MPa,31.60MPa,3.00MPa,,2,Deformed,11mm,6,425.00MPa,615.00MPa,0,,,,,,,150mm,0.00669,2,Deformed,11mm,425.00MPa,615.00MPa,0,,,,,,150.0000mm,0.00891,,0.00790,2,Plain,13mm,4,380.00MPa,658.00MPa,0,,,,,,,0.01689,,Deformed,155mm,201mm?,105mm,201mm?,75mm,13536mm?,,,,0.051486,,0.05149,Yes,800.00mm,150.00mm,2400,SS,,2400mm,2.400,0kN,0.0000
SDB_R0007,SDBT_0003,W1,2007,R,100mm,700mm,70000mm?,1600mm,Yes,No,100mm,500mm,10mm,34.25MPa,27.40MPa,2.73MPa,,2,Deformed,8mm,6,441.50MPa,593.70MPa,0,,,,,,,135mm,0.00603,2,Deformed,5mm,607.00MPa,667.00MPa,0,,,,,,90.0000mm,0.00436,,0.00442,2,Deformed,10mm,4,451.10MPa,636.80MPa,0,,,,,,,0.03142,,,,,,,,,,,,,,,No,,,1750,F,FC,1750mm,2.500,287kN,0.1498
SDB_R0008,SDBT_0003,W2,2007,R,100mm,700mm,70000mm?,1600mm,Yes,No,100mm,500mm,10mm,34.25MPa,27.40MPa,2.73MPa,,2,Deformed,8mm,6,460.60MPa,618.40MPa,0,,,,,,,135mm,0.00603,2,Deformed,5mm,600.30MPa,661.50MPa,0,,,,,,90.0000mm,0.00436,,0.00442,2,Deformed,10mm,4,438.20MPa,719.70MPa,0,,,,,,,0.03142,,,,,,,,,,,,,,,No,,,1750,F,FC,1750mm,2.500,479kN,0.2497
SDB_R0009,SDBT_0003,W3,2007,R,100mm,700mm,70000mm?,1600mm,Yes,No,100mm,500mm,10mm,34.25MPa,27.40MPa,2.73MPa,,2,Deformed,8mm,6,434.80MPa,584.70MPa,0,,,,,,,135mm,0.00603,2,Deformed,5mm,619.50MPa,664.50MPa,0,,,,,,90.0000mm,0.00436,,0.01010,2,Deformed,10mm,4,518.30MPa,670.36MPa,0,,,,,,,0.03142,,,,,,,,,,,,,,,No,,,1750,F,FC,1750mm,2.500,672kN,0.3502
SDB_R0010,SDBT_0004,Specimen 1,2012,R,100mm,1000mm,100000mm?,1500mm,Yes,No,100mm,800mm,14mm,19.38MPa,15.50MPa,1.86MPa,,2,Plain,6mm,8,325.00MPa,420.00MPa,,,,,,,,250mm,0.00283,2,Plain,6mm,325.00MPa,420.00MPa,,,,,,,400.0000mm,0.00141,,0.00151,2,Deformed,16mm,4,425.00MPa,520.00MPa,,,,,,,,0.08042,,,,,,,,,,,,,,,No,,,1650,S,DC,1650mm,1.650,0kN,0.0000
SDB_R0011,SDBT_0005,Specimen 1,2011,R,100mm,1000mm,100000mm?,1500mm,Yes,No,100mm,800mm,14mm,19.38MPa,15.50MPa,1.86MPa,,2,Plain,6mm,8,325.00MPa,420.00MPa,,,,,,,,250mm,0.00283,2,Plain,6mm,325.00MPa,420.00MPa,,,,,,,400.0000mm,0.00141,,0.00151,2,Deformed,16mm,5,425.00MPa,520.00MPa,,,,,,,,0.10053,,,,,,,,,,,,,,,No,,,1650,S,DC,1650mm,1.650,0kN,0.0000
SDB_R0018,SDBT_0006,Specimen S8;FRC(PE)-M-1.5,2010,R,102mm,1016mm,103226mm?,1321mm,Yes,No,254mm,508mm,59mm,54.30MPa,43.44MPa,3.71MPa,,1,Plain,6mm,3,,,,,,,,,,254mm,0.00184,1,Plain,6mm,,,,,,,,,254.0000mm,0.00123,,0.00118,1,Deformed,22mm,3,498.49MPa,677.75MPa,,,,,,,,0.04510,,,,,,,,,,,,,,,No,,,1524.000000,S,DC,1524mm,1.500,0kN,0.0000
SDB_R0019,SDBT_0006,Specimen S9;RC-H-1.5,2010,R,102mm,1016mm,103226mm?,1321mm,Yes,Yes,152mm,711mm,35mm,53.43MPa,42.75MPa,3.67MPa,,2,Deformed,6mm,22,621.91MPa,656.38MPa,,,,,,,,76mm,0.00786,2,Deformed,6mm,621.91MPa,656.38MPa,,,,,,,76.2000mm,0.00667,,0.00654,2,Deformed,22mm,2,463.33MPa,696.37MPa,,Deformed,19mm,2,477.81MPa,730.84MPa,,0.08692,,Plain,75mm,27mm?,77mm,27mm?,25mm,5159mm?,,,,0.030827,,0.03083,No,,,1524.000000,S,DC,1524mm,1.500,0kN,0.0000
SDB_R0020,SDBT_0006,Specimen S10;FRC(HS)-H-1.5,2010,R,102mm,1016mm,103226mm?,1321mm,Yes,Yes,152mm,711mm,37mm,47.40MPa,37.92MPa,3.39MPa,,2,Deformed,6mm,16,621.91MPa,656.38MPa,,,,,,,,102mm,0.00571,2,Deformed,6mm,621.91MPa,656.38MPa,,,,,,,101.6000mm,0.00500,,0.00500,2,Deformed,19mm,4,477.81MPa,730.84MPa,,,,,,,,0.07363,,Plain,78mm,27mm?,78mm,27mm?,102mm,5471mm?,,,,0.007472,,0.00690,No,,,1524.000000,SS,,1524mm,1.500,0kN,0.0000
SDB_R0015,SDBT_0006,Specimen S5;FRC(HS)-H-1.2,2010,R,102mm,1016mm,103226mm?,1016mm,Yes,Yes,152mm,711mm,39mm,49.13MPa,39.30MPa,3.47MPa,,2,Deformed,6mm,16,632.94MPa,652.24MPa,,,,,,,,102mm,0.00714,2,Deformed,6mm,632.94MPa,652.24MPa,,,,,,,101.6000mm,0.00625,,0.06250,2,Deformed,16mm,4,444.02MPa,670.17MPa,,,,,,,,0.05113,,Plain,75mm,27mm?,75mm,27mm?,102mm,5011mm?,,,,0.007833,,0.00705,No,,,1219.200000,SS,,1219mm,1.200,0kN,0.0000
SDB_R0016,SDBT_0006,Specimen S6;RC-M-1.5,2010,R,102mm,1016mm,103226mm?,1321mm,Yes,Yes,102mm,813mm,12mm,58.61MPa,46.88MPa,3.90MPa,,2,Plain,6mm,20,670.86MPa,678.44MPa,,,,,,,,89mm,0.00767,2,Plain,6mm,670.86MPa,678.44MPa,,,,,,,88.9000mm,0.00701,,0.00661,2,Deformed,19mm,2,491.60MPa,744.63MPa,,Deformed,16mm,2,481.25MPa,710.16MPa,,0.09357,,Plain,72mm,27mm?,74mm,27mm?,25mm,4768mm?,,,,0.032136,,0.03214,No,,,1524.000000,SS,,1524mm,1.500,0kN,0.0000
SDB_R0017,SDBT_0006,Specimen S7;FRC(RS)-M-1.5,2010,R,102mm,1016mm,103226mm?,1321mm,Yes,No,254mm,508mm,59mm,58.61MPa,46.88MPa,3.90MPa,,1,Plain,6mm,3,,,,,,,,,,255mm,0.00184,1,Plain,6mm,,,,,,,,,255.0000mm,0.00122,,0.00118,1,Deformed,22mm,3,498.49MPa,677.75MPa,,,,,,,,0.04510,,,,,,,,,,,,,,,No,,,1524.000000,S,DT,1524mm,1.500,0kN,0.0000
SDB_R0013,SDBT_0006,Specimen S2;FRC(RS)-M-1.2,2010,R,102mm,1016mm,103226mm?,1016mm,Yes,No,102mm,813mm,13mm,60.33MPa,48.26MPa,3.98MPa,,4,Plain,6mm,8,660.52MPa,687.41MPa,,,,,,,,203mm,0.00307,2,Plain,6mm,660.52MPa,687.41MPa,,,,,,,203.2000mm,0.00307,,0.00245,2,Deformed,13mm,4,512.28MPa,744.63MPa,,,,,,,,0.04909,,,,,,,,,,,,,,,No,,,1219.200000,SS,,1219mm,1.200,0kN,0.0000
SDB_R0014,SDBT_0006,Specimen S4;RC-H-1.2,2010,R,102mm,1016mm,103226mm?,1016mm,Yes,Yes,152mm,711mm,37mm,57.74MPa,46.19MPa,3.86MPa,,2,Deformed,6mm,18,632.94MPa,652.24MPa,,,,,,,,76mm,0.00804,2,Deformed,6mm,632.94MPa,652.24MPa,,,,,,,76.2000mm,0.00833,,0.00812,2,Deformed,19mm,2,453.68MPa,751.53MPa,,Deformed,16mm,2,444.02MPa,670.17MPa,,0.06238,,Plain,72mm,27mm?,74mm,27mm?,25mm,4768mm?,,,,0.032168,,0.03217,No,,,1219.200000,SS,,1219mm,1.200,0kN,0.0000
SDB_R0012,SDBT_0006,Specimen S1;RC-M-1.2,2010,R,102mm,1016mm,103226mm?,1016mm,Yes,Yes,102mm,813mm,13mm,57.74MPa,46.19MPa,3.86MPa,,2,Plain,6mm,20,660.52MPa,687.41MPa,,,,,,,,89mm,0.00767,2,Plain,6mm,660.52MPa,687.41MPa,,,,,,,88.9000mm,0.00701,,0.00675,2,Deformed,13mm,4,512.28MPa,744.63MPa,,,,,,,,0.04909,,Plain,72mm,27mm?,72mm,27mm?,25mm,4572mm?,0.00MPa,0.00MPa,0,0.032856,,0.03368,No,,,1219.2,SS,,1219mm,1.200,0kN,0.0000
SDB_R0028,SDBT_0007,SF0.33D,2015,R,200mm,1500mm,300000mm?,500mm,No,No,,1500mm,29mm,52.63MPa,42.10MPa,3.63MPa,,2,Deformed,13mm,12,667.00MPa,,,,,,,,,175mm,0.00507,2,Deformed,10mm,625.00MPa,,,,,,,,100.0000mm,0.00713,,0.00713,,,,,,,,,,,,,,,,,,,,,,,,,,,,,No,,,750,SS,,750mm,0.500,0kN,0.0000
SDB_R0029,SDBT_0007,SF0.33D-L,2015,R,200mm,1500mm,300000mm?,500mm,No,No,,1500mm,29mm,52.63MPa,42.10MPa,3.63MPa,,2,Deformed,13mm,12,667.00MPa,,,,,,,,,280mm,0.00507,2,Deformed,10mm,625.00MPa,,,,,,,,167.0000mm,0.00427,,0.00428,,,,,,,,,,,,,,,,,,,,,,,,,,,,,No,,,750,SS,,750mm,0.500,0kN,0.0000
SDB_R0025,SDBT_0007,HF0.5,2015,R,200mm,1500mm,300000mm?,750mm,No,No,,1500mm,26mm,48.38MPa,38.70MPa,3.43MPa,,2,Deformed,13mm,16,667.00MPa,,,,,,,,,200mm,0.00676,2,Deformed,13mm,667.00MPa,,,,,,,,187.0000mm,0.00677,,0.00676,,,,,,,,,,,,,,,,,,,,,,,,,,,,,No,,,1000,S,DT,1000mm,0.667,735kN,0.0633
SDB_R0026,SDBT_0007,SF0.33,2015,R,200mm,1500mm,300000mm?,500mm,No,No,,1500mm,29mm,52.63MPa,42.10MPa,3.63MPa,,2,Deformed,13mm,18,667.00MPa,,,,,,,,,175mm,0.00760,2,Deformed,10mm,625.00MPa,,,,,,,,100.0000mm,0.00713,,0.00856,,,,,,,,,,,,,,,,,,,,,,,,,,,,,No,,,750,SS,,750mm,0.500,0kN,0.0000
SDB_R0027,SDBT_0007,SF0.33-L,2015,R,200mm,1500mm,300000mm?,500mm,No,No,,1500mm,29mm,52.63MPa,42.10MPa,3.63MPa,,2,Deformed,13mm,12,667.00MPa,,,,,,,,,280mm,0.00507,2,Deformed,10mm,625.00MPa,,,,,,,,167.0000mm,0.00427,,0.00428,,,,,,,,,,,,,,,,,,,,,,,,,,,,,No,,,750,SS,,750mm,0.500,0kN,0.0000
SDB_R0021,SDBT_0007,SF0.5,2015,R,200mm,1500mm,300000mm?,750mm,Yes,No,195mm,1110mm,26mm,52.63MPa,42.10MPa,3.63MPa,,2,Deformed,13mm,12,667.00MPa,,,,,,,,,200mm,0.00685,2,Deformed,13mm,667.00MPa,,,,,,,,187.0000mm,0.00677,,0.00676,6,Deformed,6mm,13,667.00MPa,,,,,,,,,0.00942,,,,,,,,,,,,,,,No,,,1000,SS,,1000mm,0.667,0kN,0.0000
SDB_R0022,SDBT_0007,SF0.5-L,2015,R,200mm,1500mm,300000mm?,750mm,Yes,No,145mm,1210mm,29mm,52.63MPa,42.10MPa,3.63MPa,,2,Deformed,13mm,8,667.00MPa,,,Deformed,10mm,4,625.00MPa,,,333mm,0.00537,2,Deformed,10mm,625.00MPa,,,,,,,,187.0000mm,0.00381,,0.00380,2,Deformed,13mm,4,667.00MPa,,,,,,,,,0.01747,,,,,,,,,,,,,,,No,,,1000,SS,,1000mm,0.667,0kN,0.0000
SDB_R0023,SDBT_0007,SF0.5-LL,2015,R,200mm,1500mm,300000mm?,750mm,Yes,No,145mm,1210mm,29mm,52.63MPa,42.10MPa,3.63MPa,,2,Deformed,13mm,4,667.00MPa,,,,,,,,,55mm,0.00209,2,Deformed,10mm,625.00MPa,,,,,,,,375.0000mm,0.00190,,0.00190,2,Deformed,13mm,4,667.00MPa,,,,,,,,,0.01747,,,,,,,,,,,,,,,No,,,1000,SS,,1000mm,0.667,0kN,0.0000
SDB_R0024,SDBT_0007,SF0.5-C,2015,R,200mm,1500mm,300000mm?,750mm,No,No,,1500mm,26mm,52.63MPa,42.10MPa,3.63MPa,,2,Deformed,13mm,16,667.00MPa,,,,,,,,,200mm,0.00676,2,Deformed,13mm,667.00MPa,,,,,,,,187.0000mm,0.00677,,0.00676,,,,,,,,,,,,,,,,,,,,,,,,,,,,,No,,,1000,SS,,1000mm,0.667,882kN,0.0698
SDB_R0030,SDBT_0008,NS2,2014,R,200mm,1500mm,300000mm?,3000mm,Yes,No,300mm,900mm,17mm,45.63MPa,36.50MPa,3.30MPa,,2,Deformed,16mm,5,470.00MPa,,,,,,,,,,0.00552,2,Deformed,16mm,470.00MPa,,,,,,,,215.0000mm,0.00923,,0.00927,3,Deformed,35mm,8,617.00MPa,,,,,,,,,0.12755,,,,,,,,,,,,,,,No,,,3250,S,DT+DC,3250mm,2.167,756kN,0.0690
SDB_R0031,SDBT_0008,HS2,2014,R,200mm,1500mm,300000mm?,3000mm,Yes,No,300mm,900mm,20mm,45.63MPa,36.50MPa,3.30MPa,,2,Deformed,13mm,8,667.00MPa,,,,,,,,,,0.00563,2,Deformed,13mm,667.00MPa,,,,,,,,187.0000mm,0.00677,,0.00676,3,Deformed,35mm,8,617.00MPa,,,,,,,,,0.12755,,,,,,,,,,,,,,,No,,,3250,S,DT+DC,3250mm,2.167,756kN,0.0690
SDB_R0032,SDBT_0008,NS2L,2014,R,200mm,1500mm,300000mm?,3000mm,Yes,No,300mm,900mm,17mm,45.63MPa,36.50MPa,3.30MPa,,6,Deformed,16mm,6,470.00MPa,,,,,,,,,,0.00662,2,Deformed,16mm,470.00MPa,,,,,,,,430.0000mm,0.00462,,0.00463,2,Deformed,35mm,6,617.00MPa,,,,,,,,,0.09566,,,,,,,,,,,,,,,No,,,3250,S,DT,3250mm,2.167,756kN,0.0690
SDB_R0033,SDBT_0008,HS2L,2014,R,200mm,1500mm,300000mm?,3000mm,Yes,No,300mm,900mm,20mm,45.63MPa,36.50MPa,3.30MPa,,2,Deformed,13mm,6,667.00MPa,,,,,,,,,,0.00422,2,Deformed,13mm,667.00MPa,,,,,,,,375.0000mm,0.00338,,0.00338,2,Deformed,35mm,6,617.00MPa,,,,,,,,,0.09566,,,,,,,,,,,,,,,No,,,3250,S,DT,3250mm,2.167,756kN,0.0690
SDB_R0034,SDBT_0009,NF2,2015,R,200mm,1500mm,300000mm?,3000mm,Yes,No,200mm,1100mm,20mm,47.63MPa,38.10MPa,3.40MPa,,2,Deformed,13mm,12,667.00MPa,,,,,,,,,,0.00691,2,Deformed,13mm,667.00MPa,,,,,,,,215.0000mm,0.00589,,0.00591,2,Deformed,35mm,4,617.00MPa,,,Deformed,16mm,2,653.00MPa,,,0.10559,,,,,,,,,,,,,,,No,,,3250,F,FC,3250mm,2.167,800kN,0.0700
SDB_R0035,SDBT_0009,HF2,2015,R,200mm,1500mm,300000mm?,3000mm,Yes,No,200mm,1100mm,20mm,45.88MPa,36.70MPa,3.31MPa,,2,Deformed,13mm,12,667.00MPa,,,,,,,,,,0.00691,2,Deformed,13mm,667.00MPa,,,,,,,,187.0000mm,0.00677,,0.00676,2,Deformed,35mm,4,617.00MPa,,,Deformed,16mm,2,653.00MPa,,,0.10559,,,,,,,,,,,,,,,No,,,3250,F,FC,3250mm,2.167,771kN,0.0700
SDB_R0036,SDBT_0009,HF2 500,2015,R,200mm,1500mm,300000mm?,3000mm,Yes,No,200mm,1100mm,20mm,47.75MPa,38.20MPa,3.40MPa,,2,Deformed,13mm,14,563.00MPa,,,,,,,,,,0.00806,2,Deformed,13mm,563.00MPa,,,,,,,,160.0000mm,0.00792,,0.00802,2,Deformed,35mm,4,617.00MPa,,,Deformed,16mm,2,653.00MPa,,,0.10559,,,,,,,,,,,,,,,No,,,3250,F,FC,3250mm,2.167,802kN,0.0700
SDB_R0037,SDBT_0009,HF2 600,2015,R,200mm,1500mm,300000mm?,3000mm,Yes,No,200mm,1100mm,17mm,32.63MPa,26.10MPa,2.64MPa,,2,Deformed,16mm,4,642.00MPa,,,Deformed,10mm,8,625.00MPa,,,,0.00620,,Deformed,16mm,642.00MPa,,,Deformed,10mm,625.00MPa,,,160.0000mm,,0.028864928,0.02879,2,Deformed,35mm,4,617.00MPa,,,Deformed,16mm,2,653.00MPa,,,0.10559,,,,,,,,,,,,,,,No,,,3250,F,FC,3250mm,2.167,548kN,0.0700
SDB_R0038,SDBT_0010,NS1M,2017,R,200mm,1500mm,300000mm?,1500mm,Yes,No,300mm,900mm,17mm,66.13MPa,52.90MPa,4.23MPa,,2,Deformed,16mm,10,470.00MPa,,,,,,,,,,0.01103,2,Deformed,16mm,470.00MPa,,,,,,,,215.0000mm,0.00923,,0.00927,2,Deformed,35mm,6,617.00MPa,,,,,,,,,0.09566,,,,,,,,,,,,,,,No,,,1750,S,DT,1750mm,1.167,111kN,0.0070
SDB_R0039,SDBT_0010,HS1M,2017,R,200mm,1500mm,300000mm?,1500mm,Yes,No,300mm,900mm,20mm,66.13MPa,52.90MPa,4.23MPa,,2,Deformed,13mm,10,667.00MPa,,,,,,,,,,0.00704,2,Deformed,13mm,667.00MPa,,,,,,,,187.0000mm,0.00677,,0.00676,6,Deformed,35mm,6,617.00MPa,,,,,,,,,0.09566,,,,,,,,,,,,,,,No,,,1750,S,DT,1750mm,1.167,111kN,0.0070
SDB_R0040,SDBT_0010,NF1M,2017,R,200mm,1500mm,300000mm?,1500mm,Yes,No,200mm,1100mm,16mm,63.63MPa,50.90MPa,4.12MPa,,2,Deformed,16mm,12,470.00MPa,,,,,,,,,,0.01083,2,Deformed,16mm,470.00MPa,,,,,,,,215.0000mm,0.00923,,0.00927,3,Deformed,16mm,8,653.00MPa,,,,,,,,,0.03971,,,,,,,,,,,,,,,No,,,1750,F,FC,1750mm,1.167,107kN,0.0070
SDB_R0041,SDBT_0010,HF1M,2017,R,200mm,1500mm,300000mm?,1500mm,Yes,No,200mm,1100mm,19mm,63.63MPa,50.90MPa,4.12MPa,,2,Deformed,13mm,12,667.00MPa,,,,,,,,,,0.00691,2,Deformed,13mm,470.00MPa,,,,,,,,187.0000mm,0.00677,,0.00676,3,Deformed,16mm,8,653.00MPa,,,,,,,,,0.03971,,,,,,,,,,,,,,,No,,,1750,F,FC,1750mm,1.167,107kN,0.0070
SDB_R0042,SDBT_0010,HF1M-B,2017,R,200mm,1500mm,300000mm?,1500mm,Yes,Yes,200mm,1100mm,19mm,63.63MPa,50.90MPa,4.12MPa,,2,Deformed,13mm,12,653.00MPa,,,,,,,,,,0.00691,2,Deformed,13mm,667.00MPa,,,,,,,,187.0000mm,0.00677,,0.00676,2,Deformed,16mm,8,653.00MPa,,,,,,,,,0.03971,,Deformed,161mm,253mm?,161mm,253mm?,94mm,22082mm?,667.00MPa,,,0.039374,,0.03948,No,,,1750,F,FC,1750mm,1.167,107kN,0.0070
SDB_R0043,SDBT_0010,NF1T-B,2017,R,200mm,1500mm,300000mm?,1500mm,Yes,Yes,200mm,1100mm,16mm,66.13MPa,52.90MPa,4.23MPa,,2,Deformed,16mm,6,470.00MPa,,,,,,,,,,0.00542,2,Deformed,16mm,470.00MPa,,,,,,,,250.0000mm,0.00794,,0.00794,5,Deformed,16mm,6,470.00MPa,,,,,,,,,0.02978,,Deformed,168mm,397mm?,168mm,397mm?,75mm,23043mm?,470.00MPa,,,0.077065,,0.07707,No,,,1750,F,FT,1750mm,1.167,111kN,0.0070
SDB_R0044,SDBT_0010,HF1T-B,2017,R,200mm,1500mm,300000mm?,1500mm,Yes,Yes,200mm,1100mm,19mm,58.13MPa,46.50MPa,3.88MPa,,2,Deformed,16mm,4,653.00MPa,,,,,,,,,,0.00361,1,Deformed,13mm,667.00MPa,,,,,,,,500.0000mm,0.00127,,0.00169,2,Deformed,16mm,4,653.00MPa,,,,,,,,,0.01986,,Deformed,161mm,253mm?,161mm,253mm?,55mm,22082mm?,667.00MPa,,,0.067294,,0.06909,No,,,1750,F,FT,1750mm,1.167,98kN,0.0070
SDB_R0045,SDBT_0010,NS0.5M,2017,R,200mm,1500mm,300000mm?,750mm,Yes,No,100mm,1300mm,17mm,55.75MPa,44.60MPa,3.77MPa,,2,Deformed,16mm,12,470.00MPa,,,,,,,,,,0.00916,2,Deformed,16mm,470.00MPa,,,,,,,,215.0000mm,0.00923,,0.01059,2,Deformed,35mm,2,617.00MPa,,,,,,,,,0.09566,,,,,,,,,,,,,,,No,,,1000,S,DT,1000mm,0.667,94kN,0.0070
SDB_R0046,SDBT_0010,HS0.5M,2017,R,200mm,1500mm,300000mm?,750mm,Yes,No,100mm,1300mm,20mm,46.75MPa,37.40MPa,3.36MPa,,2,Deformed,13mm,12,667.00MPa,,,,,,,,,,0.00585,2,Deformed,13mm,667.00MPa,,,,,,,,187.0000mm,0.00677,,0.00676,2,Deformed,35mm,2,617.00MPa,,,,,,,,,0.09566,,,,,,,,,,,,,,,No,,,1000,S,DT,1000mm,0.667,79kN,0.0070
SDB_R0047,SDBT_0010,NF0.5M,2017,R,200mm,1500mm,300000mm?,750mm,No,No,,1500mm,16mm,48.38MPa,38.70MPa,3.43MPa,,2,Deformed,16mm,16,470.00MPa,,,,,,,,,,0.01059,2,Deformed,16mm,470.00MPa,,,,,,,,215.0000mm,0.00923,,0.01059,,,,,,,,,,,,,,,,,,,,,,,,,,,,,No,,,1000,F,FC,1000mm,0.667,81kN,0.0070
SDB_R0048,SDBT_0010,HF0.5M,2017,R,200mm,1500mm,300000mm?,750mm,No,No,,1500mm,21mm,48.38MPa,38.70MPa,3.43MPa,,2,Deformed,13mm,16,667.00MPa,,,,,,,,,,0.00676,2,Deformed,13mm,667.00MPa,,,,,,,,187.0000mm,0.00677,,0.00676,,,,,,,,,,,,,,,,,,,,,,,,,,,,,No,,,1000,F,FC,1000mm,0.667,81kN,0.0070
SDB_R0049,SDBT_0010,HF0.5M-B,2017,R,200mm,1500mm,300000mm?,750mm,Yes,Yes,290mm,980mm,21mm,46.75MPa,37.40MPa,3.36MPa,,2,Deformed,13mm,8,667.00MPa,,,,,,,,,,0.00517,2,Deformed,13mm,667.00MPa,,,,,,,,187.0000mm,0.00677,,0.00676,2,Deformed,13mm,4,667.00MPa,,,,,,,,,0.00874,,Deformed,248mm,253mm?,158mm,253mm?,94mm,34227mm?,,,,0.031986,,0.03207,No,,,1000,F,FC,1000mm,0.667,79kN,0.0070
SDB_R0050,SDBT_0011,SW1,2018,R,180mm,1250mm,225000mm?,3125mm,Yes,No,190mm,870mm,22mm,24.38MPa,19.50MPa,2.17MPa,,2,Deformed,10mm,4,454.00MPa,,,,,,,,,450mm,0.00182,2,Deformed,10mm,454.00MPa,,,,,,,,315.0000mm,0.00252,,0.00254,2,Deformed,25mm,4,636.00MPa,,,Deformed,22mm,2,644.00MPa,,,0.08190,,,,,,,,,,,,,,,No,,,3375,S,DT,3375mm,2.700,0kN,0.0000
SDB_R0051,SDBT_0011,SW2,2018,R,180mm,1250mm,225000mm?,3125mm,Yes,No,180mm,890mm,24mm,24.38MPa,19.50MPa,2.17MPa,,2,Deformed,10mm,4,454.00MPa,,,,,,,,,450mm,0.00178,2,Deformed,10mm,454.00MPa,,,,,,,,315.0000mm,0.00252,,0.00254,2,Deformed,22mm,6,644.00MPa,,,,,,,,,0.07168,,,,,,,,,,,,,,,No,,,3375,S,DT,3375mm,2.700,1080kN,0.2462
SDB_R0052,SDBT_0011,SW3,2018,R,180mm,1250mm,225000mm?,3125mm,Yes,No,190mm,870mm,22mm,24.38MPa,19.50MPa,2.17MPa,,2,Deformed,10mm,4,540.00MPa,,,,,,,,,450mm,0.00182,2,Deformed,10mm,540.00MPa,,,,,,,,395.0000mm,0.00201,,0.00203,2,Deformed,25mm,6,636.00MPa,,,,,,,,,0.08889,,,,,,,,,,,,,,,No,,,3375,S,DT,3375mm,2.700,0kN,0.0000
SDB_R0053,SDBT_0011,SW4,2018,R,180mm,1250mm,225000mm?,3125mm,Yes,No,190mm,870mm,22mm,24.38MPa,19.50MPa,2.17MPa,,2,Deformed,10mm,4,540.00MPa,,,,,,,,,450mm,0.00182,2,Deformed,10mm,540.00MPa,,,,,,,,395.0000mm,0.00201,,0.00203,2,Deformed,25mm,2,636.00MPa,,,Deformed,22mm,4,644.00MPa,,,0.07490,,,,,,,,,,,,,,,No,,,3375,S,DT,3375mm,2.700,1080kN,0.2462
SDB_R0054,SDBT_0011,SW5,2018,R,180mm,1250mm,225000mm?,3125mm,Yes,No,180mm,890mm,24mm,46.38MPa,37.10MPa,3.34MPa,,2,Deformed,10mm,4,454.00MPa,,,,,,,,,450mm,0.00178,2,Deformed,10mm,454.00MPa,,,,,,,,315.0000mm,0.00252,,0.00254,2,Deformed,22mm,6,644.00MPa,,,,,,,,,0.07168,,,,,,,,,,,,,,,No,,,3375,S,DT,3375mm,2.700,1181kN,0.1415
SDB_R0055,SDBT_0011,SW6,2018,R,180mm,1250mm,225000mm?,3125mm,Yes,No,190mm,870mm,22mm,46.38MPa,37.10MPa,3.34MPa,,2,Deformed,10mm,4,540.00MPa,,,,,,,,,450mm,0.00182,2,Deformed,10mm,540.00MPa,,,,,,,,395.0000mm,0.00201,,0.00203,2,Deformed,25mm,2,636.00MPa,,,Deformed,22mm,4,644.00MPa,,,0.07490,,,,,,,,,,,,,,,No,,,3375,S,DT,3375mm,2.700,1181kN,0.1415
SDB_R0056,SDBT_0011,FW1,2018,R,180mm,1250mm,225000mm?,3125mm,Yes,No,160mm,930mm,24mm,20.63MPa,16.50MPa,1.94MPa,,2,Deformed,10mm,4,540.00MPa,,,,,,,,,450mm,0.00170,2,Deformed,10mm,540.00MPa,,,,,,,,395.0000mm,0.00201,,0.00203,2,Deformed,13mm,4,555.00MPa,,,Deformed,10mm,2,540.00MPa,,,0.02255,,,,,,,,,,,,,,,No,,,3375,F,FC,3375mm,2.700,0kN,0.0000
SDB_R0057,SDBT_0011,FW2,2018,R,180mm,1250mm,225000mm?,3125mm,Yes,No,60mm,1130mm,24mm,20.63MPa,16.50MPa,1.94MPa,,2,Deformed,10mm,4,540.00MPa,,,,,,,,,450mm,0.00140,2,Deformed,10mm,540.00MPa,,,,,,,,395.0000mm,0.00201,,0.00203,2,Deformed,13mm,2,555.00MPa,,,,,,,,,0.02346,,,,,,,,,,,,,,,No,,,3375,F,FC,3375mm,2.700,1080kN,0.2909
SDB_R0058,SDBT_0011,FW3,2018,R,180mm,1250mm,225000mm?,3125mm,Yes,Yes,300mm,650mm,24mm,20.63MPa,16.50MPa,1.94MPa,,2,Deformed,10mm,4,540.00MPa,,,,,,,,,450mm,0.00244,2,Deformed,10mm,540.00MPa,,,,,,,,395.0000mm,0.00201,,0.00203,2,Deformed,13mm,2,555.00MPa,,,Deformed,10mm,2,540.00MPa,,,0.00733,,Deformed,241mm,143mm?,130mm,143mm?,60mm,27896mm?,540.00MPa,,,0.031611,,0.03217,No,,,3375,F,FC,3375mm,2.700,1080kN,0.2909
SDB_R0059,SDBT_0011,FW4,2018,R,180mm,1250mm,225000mm?,3125mm,Yes,No,60mm,1130mm,24mm,20.63MPa,16.50MPa,1.94MPa,,2,Deformed,10mm,4,540.00MPa,,,,,,,,,450mm,0.00140,1,Deformed,10mm,490.00MPa,,,,,,,,540.0000mm,0.00073,,0.00076,2,Deformed,13mm,2,555.00MPa,,,,,,,,,0.02346,,,,,,,,,,,,,,,No,,,3375,F,FC,3375mm,2.700,0kN,0.0000
SDB_R0061,SDBT_0012,VK2,2010,R,350mm,1500mm,525000mm?,3300mm,Yes,No,70mm,1360mm,22mm,48.75MPa,39.00MPa,3.45MPa,,2,Deformed,14mm,20,515.00MPa,630.00MPa,0,,,,,,,130mm,0.00647,2,Deformed,6mm,518.00MPa,681.00MPa,0,,,,,,200.0000mm,0.00081,0.002154,0.00054,4,Deformed,14mm,4,515.00MPa,630.00MPa,0,,,,,,,0.02513,,,,,,,,,,,,,,,Lap Splice,0.00mm,600.00mm,3300,F,FC,3300mm,2.200,1300kN,0.0635
SDB_R0062,SDBT_0012,VK3,2010,R,350mm,1500mm,525000mm?,3300mm,Yes,No,60mm,1380mm,17mm,42.50MPa,34.00MPa,3.15MPa,,2,Deformed,14mm,34,515.00MPa,630.00MPa,0,,,,,,,80mm,0.01084,2,Deformed,6mm,518.00MPa,681.00MPa,0,,,,,,200.0000mm,0.00081,0.002154,0.00054,4,Deformed,14mm,4,515.00MPa,630.00MPa,0,,,,,,,0.02932,,,,,,,,,,,,,,,No,,,3300,S,DT,3300mm,2.200,1300kN,0.0728
SDB_R0060,SDBT_0012,VK1,2010,R,350mm,1500mm,525000mm?,3300mm,Yes,No,70mm,1380mm,22mm,43.75MPa,35.00MPa,3.21MPa,,2,Deformed,14mm,20,515.00MPa,630.00MPa,0,,,,,,,130mm,0.00637,2,Deformed,6mm,518.00MPa,681.00MPa,0,,,,,,200.0000mm,0.00081,0.002154,0.00054,4,Deformed,14mm,4,515.00MPa,630.00MPa,0,,,,,,,0.02513,,,,,,,,,,,,,,,No,,,3300,S,DT,3300mm,2.200,1300kN,0.0707
SDB_R0063,SDBT_0013,W1,2004,R,200mm,1200mm,240000mm?,4000mm,Yes,Yes,220mm,760mm,20mm,41.38MPa,33.10MPa,3.09MPa,3.08MPa,2,Deformed,11mm,6,464.40MPa,580.90MPa,,,,,,,,,0.00396,2,Deformed,11mm,464.40MPa,580.90MPa,,,,,,,250.0000mm,0.00401,,0.00401,2,Deformed,20mm,4,457.70MPa,630.30MPa,,,,,,,,0.02715,,Deformed,169mm,201mm?,149mm,201mm?,100mm,21627mm?,464.40MPa,580.90MPa,,0.029436,0.0147180211054499148277411873,0.01913,No,,,3750,F,FC,3700mm,3.125,600kN,0.0755
SDB_R0064,SDBT_0013,W2,2004,R,200mm,1200mm,240000mm?,4000mm,Yes,Yes,220mm,760mm,20mm,88.30MPa,70.64MPa,5.13MPa,5.71MPa,2,Deformed,11mm,6,464.40MPa,580.90MPa,,,,,,,,,0.00396,2,Deformed,11mm,464.40MPa,580.90MPa,,,,,,,215.0000mm,0.00466,,0.00476,2,Deformed,20mm,4,457.70MPa,630.30MPa,,,,,,,,0.02715,,Deformed,169mm,201mm?,149mm,201mm?,100mm,21627mm?,464.40MPa,580.90MPa,,0.029436,0.0147180211054499148277411873,0.01913,No,,,3750,F,FT,3700mm,3.125,600kN,0.0354
SDB_R0065,SDBT_0013,W3,2005,R,200mm,1200mm,240000mm?,4000mm,Yes,Yes,220mm,760mm,20mm,35.50MPa,28.40MPa,2.79MPa,2.82MPa,2,Deformed,11mm,6,460.20MPa,563.20MPa,,,,,,,,,0.00396,2,Deformed,11mm,460.20MPa,563.20MPa,,,,,,,215.0000mm,0.00466,,0.00476,2,Deformed,20mm,4,457.70MPa,630.30MPa,,,,,,,,0.02715,,Deformed,169mm,201mm?,149mm,201mm?,60mm,21627mm?,460.20MPa,563.20MPa,,0.049060,0.0147180211054499148277411873,0.02502,No,,,3750,F,FC,3700mm,3.125,600kN,0.0880
SDB_R0066,SDBT_0013,W4,2005,R,200mm,1200mm,240000mm?,4000mm,Yes,Yes,220mm,760mm,20mm,86.50MPa,69.20MPa,5.06MPa,5.48MPa,2,Deformed,11mm,6,464.40MPa,580.90MPa,,,,,,,,,0.00396,2,Deformed,11mm,464.40MPa,580.90MPa,,,,,,,215.0000mm,0.00466,,0.00476,2,Deformed,20mm,4,457.70MPa,630.30MPa,,,,,,,,0.02715,,Deformed,169mm,201mm?,149mm,201mm?,60mm,21627mm?,464.40MPa,580.90MPa,,0.049060,0.0196240281405998864369882497,0.02870,No,,,3750,F,FC,3700mm,3.125,600kN,0.0361
SDB_R0067,SDBT_0014,M60,2016,R,203mm,2032mm,412902mm?,1905mm,Yes,Yes,294mm,1444mm,20mm,48.75MPa,39.00MPa,3.45MPa,,2,Deformed,10mm,12,453.00MPa,684.00MPa,0,,,,,,,229mm,0.00321,2,Deformed,10mm,453.00MPa,684.00MPa,0,,,,,,228.6000mm,0.00338,,0.00325,2,Deformed,22mm,4,450.00MPa,653.00MPa,0,Deformed,19mm,2,440.00MPa,647.00MPa,0,0.03494,,Deformed,244mm,157mm?,153mm,236mm?,64mm,33509mm?,453.00MPa,684.00MPa,0,0.034976,,0.03498,No,,,2159.000000,S,DC,2159mm,1.063,0kN,0.0000
SDB_R0068,SDBT_0014,M115,2016,R,203mm,2032mm,412902mm?,1905mm,Yes,Yes,294mm,1444mm,20mm,47.50MPa,38.00MPa,3.39MPa,,2,Deformed,10mm,6,786.00MPa,940.00MPa,0,,,,,,,457mm,0.00161,2,Deformed,10mm,786.00MPa,940.00MPa,0,,,,,,457.2000mm,0.00169,,0.00162,2,Deformed,16mm,6,770.00MPa,980.00MPa,0,,,,,,,0.02019,,Deformed,244mm,157mm?,153mm,236mm?,64mm,33509mm?,453.00MPa,684.00MPa,0,0.034976,,0.03498,No,,,2159.000000,S,DC,2159mm,1.063,0kN,0.0000
SDB_R0069,SDBT_0014,H60,2016,R,203mm,2032mm,412902mm?,1905mm,Yes,Yes,294mm,1444mm,20mm,55.00MPa,44.00MPa,3.74MPa,,2,Deformed,13mm,18,475.00MPa,666.00MPa,0,,,,,,,152mm,0.00814,2,Deformed,13mm,475.00MPa,666.00MPa,0,,,,,,152.4000mm,0.00857,,0.00823,3,Deformed,22mm,9,450.00MPa,653.00MPa,0,,,,,,,0.05727,,Deformed,244mm,157mm?,153mm,236mm?,64mm,33509mm?,453.00MPa,684.00MPa,0,0.034976,,0.03498,No,,,2159.000000,S,DC,2159mm,1.063,0kN,0.0000
SDB_R0070,SDBT_0014,H115,2016,R,203mm,2032mm,412902mm?,1905mm,Yes,Yes,294mm,1444mm,20mm,55.00MPa,44.00MPa,3.74MPa,,2,Deformed,13mm,10,806.00MPa,1010.00MPa,0,,,,,,,305mm,0.00452,2,Deformed,13mm,806.00MPa,1010.00MPa,0,,,,,,304.8000mm,0.00429,,0.00411,3,Deformed,16mm,9,770.00MPa,980.00MPa,0,,,,,,,0.03029,,Deformed,244mm,157mm?,153mm,236mm?,64mm,33509mm?,453.00MPa,684.00MPa,0,0.034976,,0.03498,No,,,2159.000000,S,DC,2159mm,1.063,0kN,0.0000
SDB_R0071,SDBT_0014,H60X,2016,R,203mm,2032mm,412902mm?,1905mm,Yes,Yes,294mm,1444mm,20mm,52.50MPa,42.00MPa,3.62MPa,,2,Deformed,13mm,18,475.00MPa,666.00MPa,0,,,,,,,152mm,0.00814,2,Deformed,13mm,475.00MPa,666.00MPa,0,,,,,,152.4000mm,0.00857,,0.00823,3,Deformed,22mm,9,450.00MPa,653.00MPa,0,,,,,,,0.05727,,Deformed,244mm,157mm?,153mm,236mm?,127mm,33509mm?,453.00MPa,684.00MPa,0,0.017488,,0.01749,No,,,2159.000000,S,DC,2159mm,1.063,0kN,0.0000
SDB_R0072,SDBT_0015,SW-1,2017,R,200mm,1300mm,260000mm?,3100mm,Yes,Yes,300mm,700mm,20mm,31.30MPa,25.04MPa,2.57MPa,,2,Deformed,10mm,6,485.00MPa,636.00MPa,0,,,,,,,,0.00337,2,Deformed,10mm,485.00MPa,636.00MPa,0,,,,,,200.0000mm,0.00393,,0.00405,2,Deformed,10mm,6,485.00MPa,636.00MPa,0,,,,,,,0.00785,,Deformed,250mm,157mm?,150mm,236mm?,100mm,33600mm?,485.00MPa,636.00MPa,0,0.022206,0.0148036954365079365079365079,,No,,,3200,F,FC/FT,3300mm,2.462,1628kN,0.2500
SDB_R0073,SDBT_0015,SW-2,2017,R,200mm,1300mm,260000mm?,3100mm,Yes,Yes,300mm,700mm,20mm,31.30MPa,25.04MPa,2.57MPa,,2,Deformed,10mm,6,485.00MPa,636.00MPa,0,,,,,,,,0.00337,2,Deformed,10mm,485.00MPa,636.00MPa,0,,,,,,200.0000mm,0.00393,,0.00405,2,Deformed,10mm,6,485.00MPa,636.00MPa,0,,,,,,,0.00785,,Deformed,250mm,157mm?,150mm,236mm?,100mm,33600mm?,485.00MPa,636.00MPa,0,0.022206,0.0148036954365079365079365079,,No,,,3200,F,FC/FT,3300mm,2.462,1628kN,0.2500
SDB_R0074,SDBT_0015,SW-3,2017,R,200mm,1300mm,260000mm?,3100mm,Yes,Yes,300mm,700mm,20mm,31.30MPa,25.04MPa,2.57MPa,,2,Deformed,10mm,6,485.00MPa,636.00MPa,0,,,,,,,,0.00337,2,Deformed,10mm,485.00MPa,636.00MPa,0,,,,,,200.0000mm,0.00393,,0.00405,2,Deformed,10mm,6,485.00MPa,636.00MPa,0,,,,,,,0.00785,,Deformed,250mm,157mm?,150mm,236mm?,100mm,33600mm?,485.00MPa,636.00MPa,0,0.022206,0.0148036954365079365079365079,,No,,,3200,F,FC/FT,3300mm,2.462,3255kN,0.5000
SDB_R0075,SDBT_0015,SW-4,2017,R,200mm,1300mm,260000mm?,3100mm,Yes,Yes,300mm,700mm,20mm,28.00MPa,22.40MPa,2.38MPa,,2,Deformed,10mm,6,485.00MPa,636.00MPa,0,,,,,,,,0.00337,2,Deformed,10mm,485.00MPa,636.00MPa,0,,,,,,200.0000mm,0.00393,,0.00405,2,Deformed,10mm,6,485.00MPa,636.00MPa,0,,,,,,,0.00785,,Deformed,250mm,157mm?,150mm,236mm?,100mm,33600mm?,485.00MPa,636.00MPa,0,0.022206,0.0148036954365079365079365079,,No,,,3200,F,FC/FT,3300mm,2.462,1456kN,0.2500
SDB_R0076,SDBT_0016,W1,2017,R,100mm,740mm,74000mm?,1400mm,Yes,Yes,140mm,460mm,5mm,42.18MPa,33.74MPa,3.13MPa,,2,Deformed,8mm,8,622.00MPa,733.00MPa,,,,,,,,100mm,0.00874,2,Deformed,8mm,622.00MPa,733.00MPa,,,,,,,140.0000mm,0.00718,,0.00718,2,Deformed,10mm,4,620.00MPa,697.00MPa,,,,,,,,0.02244,,Deformed,130mm,157mm?,90mm,157mm?,40mm,9600mm?,697.00MPa,620.00MPa,,0.089991,,0.08999,No,,,1500,F,FC,1500mm,2.027,0kN,0.0000
SDB_R0077,SDBT_0016,W5,2010,R,100mm,740mm,74000mm?,1400mm,Yes,Yes,215mm,350mm,6mm,41.94MPa,33.55MPa,3.12MPa,,2,Deformed,12mm,2,586.00MPa,699.00MPa,,,,,,,,,0.00646,2,Deformed,6mm,,,,,,,,,300.0000mm,0.00188,,0.00162,2,Deformed,12mm,4,586.00MPa,699.00MPa,,,,,,,,0.02104,,Deformed,203mm,101mm?,88mm,50mm?,300mm,15600mm?,505.00MPa,568.00MPa,,0.005306,,0.00568,No,,,1500,S,DT,1500mm,2.027,0kN,0.0000
SDB_R0078,SDBT_0016,W6,2010,R,100mm,740mm,74000mm?,1400mm,Yes,Yes,215mm,310mm,6mm,32.94MPa,26.35MPa,2.66MPa,,2,Deformed,12mm,2,575.00MPa,694.00MPa,,,,,,,,,0.00730,2,Deformed,6mm,,,,,,,,,300.0000mm,0.00188,,0.00162,2,Deformed,12mm,4,575.00MPa,694.00MPa,,,,,,,,0.02104,,Deformed,203mm,101mm?,88mm,50mm?,300mm,15600mm?,516.00MPa,569.00MPa,,0.005306,,0.00568,No,,,1500,S,DT,1500mm,2.027,136kN,0.0700
SDB_R0079,SDBT_0016,W7,2010,R,125mm,750mm,93750mm?,1400mm,Yes,Yes,215mm,320mm,15mm,31.12MPa,31.12MPa,2.97MPa,,2,Deformed,8mm,8,588.00MPa,681.00MPa,0,,,,,,,75mm,0.01005,2,Deformed,8mm,588.00MPa,681.00MPa,0,,,,,,120.0000mm,0.00670,,0.00632,2,Deformed,10mm,6,604.00MPa,705.00MPa,0,,,,,,,0.01753,,Deformed,186mm,101mm?,96mm,101mm?,50mm,15664mm?,,,,0.036196,,0.03749,No,,,1500,F,FC,1500mm,2.000,0kN,0.0000
SDB_R0080,SDBT_0016,W9,2010,R,125mm,750mm,93750mm?,1400mm,Yes,Yes,231mm,288mm,15mm,31.12MPa,31.12MPa,2.97MPa,,2,Deformed,12mm,2,580.00MPa,670.00MPa,0,,,,,,,,0.00628,2,Deformed,8mm,588.00MPa,681.00MPa,,,,,,,400.0000mm,0.00201,,0.00172,2,Deformed,12mm,4,580.00MPa,670.00MPa,0,,,,,,,0.01567,,Deformed,201mm,101mm?,95mm,101mm?,100mm,16791mm?,588.00MPa,681.00MPa,0,0.017722,,0.01772,No,,,1500,F,FC,1500mm,2.000,0kN,0.0000
SDB_R0081,SDBT_0016,W11,2010,R,125mm,750mm,93750mm?,1400mm,Yes,Yes,231mm,288mm,15mm,31.12MPa,31.12MPa,2.97MPa,,2,Deformed,12mm,2,580.00MPa,670.00MPa,0,,,,,,,,0.00628,2,Deformed,6mm,588.00MPa,681.00MPa,0,,,,,,400.0000mm,0.00113,,0.00097,2,Deformed,12mm,4,580.00MPa,670.00MPa,0,,,,,,,0.01567,,Deformed,201mm,101mm?,95mm,101mm?,100mm,16791mm?,,,,0.017722,,0.01772,No,,,1500,S,DT,1500mm,2.000,0kN,0.0000
SDB_R0082,SDBT_0016,W13,2010,R,125mm,750mm,93750mm?,1400mm,No,No,,750mm,15mm,31.71MPa,25.37MPa,2.59MPa,,2,Deformed,12mm,10,580.00MPa,670.00MPa,0,,,,,,,173mm,0.01206,2,Deformed,8mm,568.00MPa,654.00MPa,,,,,,,400.0000mm,0.00201,,0.00129,,,,,,,,,,,,,,,,,,,,,,,,,,,,,No,,,1500,S,DC,1500mm,2.000,0kN,0.0000
SDB_R0083,SDBT_0017,SW0,2013,R,180mm,1440mm,259200mm?,2020mm,Yes,Yes,217mm,1006mm,13mm,32.27MPa,25.82MPa,2.62MPa,,2,Deformed,8mm,10,417.00MPa,473.00MPa,,,,,,,,180mm,0.00278,2,Deformed,8mm,417.00MPa,473.00MPa,,,,,,,200.0000mm,0.00279,,0.00284,3,Deformed,25mm,5,484.00MPa,623.00MPa,,,,,,,,0.06283,,,150mm,101mm?,146mm,101mm?,100mm,19596mm?,,,,0.015185,,0.01547,No,,,2160,S,DT,2160mm,1.500,950kN,0.1420
SDB_R0084,SDBT_0018,W0,2013,R,170mm,1500mm,255000mm?,1350mm,Yes,Yes,219mm,1062mm,15mm,37.30MPa,29.84MPa,2.89MPa,,2,Deformed,8mm,12,309.00MPa,443.00MPa,,,,,,,,,0.00334,2,Deformed,8mm,309.00MPa,443.00MPa,,,,,,,200.0000mm,0.00296,,0.00307,2,Deformed,25mm,6,474.00MPa,671.00MPa,,,,,,,,0.07911,,Deformed,181mm,101mm?,124mm,101mm?,100mm,20068mm?,309.00MPa,443.00MPa,,0.015279,,0.01584,No,,,1500,S,WC,1500mm,1.000,1427kN,0.1875
SDB_R0085,SDBT_0019,2-SW01,2017,R,200mm,1600mm,320000mm?,2500mm,Yes,Yes,210mm,1180mm,15mm,45.39MPa,36.31MPa,3.29MPa,,2,Deformed,8mm,12,370.00MPa,567.00MPa,0,,,,,,,200mm,0.00256,2,Deformed,10mm,356.00MPa,542.00MPa,0,,,,,,200.0000mm,0.00393,,0.00408,2,Deformed,25mm,6,447.00MPa,601.00MPa,0,,,,,,,0.07012,,Deformed,172mm,101mm?,162mm,101mm?,100mm,26896mm?,381.00MPa,569.00MPa,0,0.012484,,0.01298,No,,,2400,S,WC,2400mm,1.500,,
SDB_R0086,SDBT_0020,SQ1,2017,R,100mm,2000mm,200000mm?,1660mm,No,No,,2000mm,15mm,28.15MPa,22.52MPa,2.39MPa,,1,Deformed,10mm,5,495.00MPa,735.00MPa,0,,,,,,,450mm,0.00177,1,Deformed,10mm,495.00MPa,735.00MPa,0,,,,,,360.0000mm,0.00197,,0.00213,,,,,,,,,,,,,,,,,,,,,,,,,,,,,No,,,1660,SS,,1660mm,0.830,0kN,0.0000
SDB_R0087,SDBT_0020,SQ1a,2017,R,100mm,2000mm,200000mm?,1660mm,No,No,,2000mm,15mm,11.88MPa,9.50MPa,1.35MPa,,1,Deformed,10mm,5,495.00MPa,735.00MPa,0,,,,,,,450mm,0.00177,1,Deformed,10mm,495.00MPa,735.00MPa,0,,,,,,360.0000mm,0.00197,,0.00213,,,,,,,,,,,,,,,,,,,,,,,,,,,,,No,,,1660,S,DT,1660mm,0.830,0kN,0.0000
SDB_R0088,SDBT_0020,SQ2,2017,R,125mm,2000mm,250000mm?,1660mm,Yes,Yes,225mm,1550mm,14mm,25.33MPa,20.26MPa,2.23MPa,,1,Deformed,10mm,5,495.00MPa,735.00MPa,0,,,,,,,300mm,0.00183,1,Deformed,10mm,495.00MPa,735.00MPa,0,,,,,,300.0000mm,0.00189,,0.00205,2,Deformed,10mm,4,495.00MPa,735.00MPa,0,,,,,,,0.01008,,Deformed,222mm,63mm?,122mm,63mm?,100mm,25006mm?,460.00MPa,660.00MPa,0,0.008723,,0.00883,No,,,1660,S,DC,1660mm,0.830,0kN,0.0000
SDB_R0089,SDBT_0021,CSRCW6,2009,R,100mm,1000mm,100000mm?,3000mm,Yes,Yes,190mm,620mm,7mm,63.50MPa,50.80MPa,4.11MPa,,2,Deformed,10mm,12,548.00MPa,622.00MPa,,,,,,,,100mm,0.01520,2,Deformed,8mm,479.00MPa,616.00MPa,,,,,,,150.0000mm,0.00670,,0.00341,2,Deformed,10mm,14,548.00MPa,622.00MPa,,,,,,,,0.05787,,,176mm,101mm?,86mm,101mm?,150mm,13104mm?,479.00MPa,616.00MPa,,0.013400,,0.01363,No,,,2600,F,FC,2600mm,2.600,100kN,0.0197
SDB_R0090,SDBT_0021,RCW-6,2017,R,100mm,1000mm,100000mm?,3000mm,Yes,Yes,190mm,620mm,7mm,47.29MPa,37.83MPa,3.38MPa,3.38MPa,2,Deformed,10mm,12,,,,,,,,,,100mm,0.01520,2,Deformed,8mm,,,,,,,,,150.0000mm,0.00670,,0.00341,2,Deformed,10mm,14,,,,,,,,,,0.05787,,Deformed,176mm,101mm?,86mm,151mm?,150mm,13104mm?,,,,0.015599,,0.01586,No,,,2600,F,FC,2600mm,2.600,100kN,0.0264
SDB_R0091,SDBT_0022,RWB,2017,R,125mm,2000mm,250000mm?,2000mm,Yes,Yes,360mm,1280mm,14mm,51.63MPa,41.30MPa,3.58MPa,,2,Deformed,10mm,12,330.00MPa,460.00MPa,0,,,,,,,210mm,0.00589,2,Deformed,10mm,330.00MPa,460.00MPa,0,,,,,,150.0000mm,0.00838,,0.00880,2,Deformed,12mm,10,334.00MPa,509.00MPa,0,,,,,,,0.02513,,Plain,318mm,87mm?,83mm,113mm?,55mm,24024mm?,411.00MPa,506.00MPa,0,0.027946,,0.02843,No,,,2443,F,FT+OP,2443mm,1.222,438kN,0.0424
SDB_R0092,SDBT_0022,RWT,2017,R,135mm,2000mm,270000mm?,2000mm,Yes,Yes,360mm,1280mm,14mm,43.13MPa,34.50MPa,3.18MPa,,2,Deformed,10mm,12,330.00MPa,460.00MPa,0,,,,,,,210mm,0.00545,2,Deformed,10mm,330.00MPa,460.00MPa,0,,,,,,150.0000mm,0.00776,,0.00880,2,Deformed,12mm,10,334.00MPa,509.00MPa,0,,,,,,,0.02327,,Plain,318mm,87mm?,83mm,113mm?,55mm,24024mm?,411.00MPa,506.00MPa,0,0.027946,,0.02843,No,,,2443,F,FC-OP,2443mm,1.222,438kN,0.0470
SDB_R0093,SDBT_0022,RWL,2017,R,125mm,1600mm,200000mm?,2000mm,Yes,Yes,310mm,980mm,21mm,43.50MPa,34.80MPa,3.20MPa,,2,Deformed,12mm,12,334.00MPa,509.00MPa,0,,,,,,,150mm,0.01108,2,Deformed,10mm,330.00MPa,460.00MPa,0,,,,,,150.0000mm,0.00838,,0.00880,2,Deformed,16mm,8,366.00MPa,478.00MPa,0,,,,,,,0.04151,,Plain,268mm,79mm?,91mm,113mm?,60mm,22270mm?,,,,0.023614,,0.02409,No,,,2443,,OP,2443mm,1.222,438kN,0.0629
SDB_R0094,SDBT_0023,WSH1,2006,R,150mm,2000mm,300000mm?,4030mm,Yes,Yes,200mm,1600mm,14mm,56.25MPa,45.00MPa,3.80MPa,,2,Plain,6mm,24,583.60MPa,600.70MPa,0,,,,,,,125mm,0.00283,2,Plain,6mm,583.60MPa,600.70MPa,0,,,,,,150.0000mm,0.00251,,0.00253,2,Deformed,10mm,6,547.30MPa,619.90MPa,0,,,,,,,0.01571,,Plain,,,,,,,,,,,0.012925960,,Lap Splice,1700.00mm,480.00mm,4560,,,4560mm,2.280,689kN,0.0510
SDB_R0095,SDBT_0023,WSH2,2006,R,150mm,2000mm,300000mm?,4030mm,Yes,Yes,200mm,1600mm,14mm,50.63MPa,40.50MPa,3.54MPa,,2,Deformed,6mm,24,484.90MPa,534.50MPa,0,,,,,,,125mm,0.00283,2,Deformed,6mm,484.90MPa,534.50MPa,0,,,,,,150.0000mm,0.00251,,0.00253,2,Deformed,10mm,6,583.10MPa,747.40MPa,0,,,,,,,0.01571,,Plain,,,,,,,,,,,0.013297968,,Lap Splice,1700.00mm,480.00mm,4560,,,4560mm,2.280,691kN,0.0569
SDB_R0096,SDBT_0023,WSH3,2006,R,150mm,2000mm,300000mm?,4030mm,Yes,Yes,260mm,1480mm,18mm,49.00MPa,39.20MPa,3.46MPa,,2,Deformed,8mm,22,569.20MPa,700.20MPa,0,,,,,,,125mm,0.00498,2,Deformed,6mm,489.00MPa,552.20MPa,0,,,,,,150.0000mm,0.00251,,0.00253,2,Deformed,12mm,6,601.00MPa,725.50MPa,0,,,,,,,0.01740,,Plain,,,,,,,,,,,0.0115406,,Lap Splice,1700.00mm,480.00mm,4560,,,4560mm,2.280,686kN,0.0583
SDB_R0097,SDBT_0023,WSH4,2006,R,150mm,2000mm,300000mm?,4030mm,Yes,No,260mm,1480mm,18mm,51.13MPa,40.90MPa,3.56MPa,,2,Deformed,8mm,22,583.70MPa,714.40MPa,0,,,,,,,125mm,0.00498,2,Deformed,6mm,518.90MPa,558.70MPa,0,,,,,,150.0000mm,0.00251,,0.00253,2,Deformed,12mm,6,576.00MPa,674.90MPa,0,,,,,,,0.01740,,,,,,,,,,,,,,,Lap Splice,1700.00mm,480.00mm,4560,,,4560mm,2.280,695kN,0.0566
SDB_R0098,SDBT_0023,WSH5,2006,R,150mm,2000mm,300000mm?,4030mm,Yes,Yes,260mm,1480mm,22mm,47.88MPa,38.30MPa,3.41MPa,,2,Deformed,6mm,20,518.90MPa,558.70MPa,0,,,,,,,140mm,0.00255,2,Deformed,6mm,518.90MPa,558.70MPa,0,,,,,,150.0000mm,0.00251,,0.00253,2,Deformed,8mm,6,583.70MPa,714.40MPa,0,,,,,,,0.00773,,Plain,212mm,42mm?,102mm,55mm?,50mm,20384mm?,562.20MPa,615.00MPa,0,0.014376,,,Lap Splice,1700.00mm,480.00mm,4560,,,4560mm,2.280,1474kN,0.1283
SDB_R0099,SDBT_0023,WSH6,2006,R,150mm,2000mm,300000mm?,4030mm,Yes,Yes,385mm,1230mm,18mm,57.00MPa,45.60MPa,3.83MPa,,2,Deformed,8mm,18,583.70MPa,714.40MPa,0,,,,,,,125mm,0.00490,2,Deformed,6mm,518.90MPa,558.70MPa,0,,,,,,150.0000mm,0.00251,,0.00253,2,Deformed,12mm,6,576.00MPa,674.90MPa,0,Deformed,8mm,2,583.70MPa,714.40MPa,0,0.01349,,Plain,,,,,,,,,,,0.0184238,,Lap Splice,1700.00mm,480.00mm,4520,,,4520mm,2.260,1476kN,0.1079
